,0,1,2,3,4,5,6,accuracy,macro avg,weighted avg
precision,0.0,0.0,0.0,0.25258215962441316,0.2717391304347826,0.0,0.20307692307692307,0.2500870776732846,0.10391403044801698,0.14404222768508934
recall,0.0,0.0,0.0,0.9512022630834512,0.025075225677031094,0.0,0.0673469387755102,0.2500870776732846,0.14908920393371322,0.2500870776732846
f1-score,0.0,0.0,0.0,0.3991690161745066,0.045913682277318645,0.0,0.10114942528735632,0.2500870776732846,0.0780331605341688,0.12353315341045772
support,799.0,98.0,782.0,1414.0,997.0,672.0,980.0,0.2500870776732846,5742.0,5742.0
