,0,1,2,3,4,5,6,accuracy,macro avg,weighted avg
precision,0.0,0.0,0.0,0.25816453079785034,0.2809815950920245,0.0,0.25842696629213485,0.2614071752002787,0.11393901316885853,0.15646842978425654
recall,0.0,0.0,0.0,0.8833097595473833,0.2296890672016048,0.0,0.02346938775510204,0.2614071752002787,0.16235260207201288,0.2614071752002787
f1-score,0.0,0.0,0.0,0.3995521433141394,0.25275938189845476,0.0,0.043030869971936385,0.2614071752002787,0.09933462788350436,0.14962349128726057
support,799.0,98.0,782.0,1414.0,997.0,672.0,980.0,0.2614071752002787,5742.0,5742.0
