,0,1,2,3,4,5,6,accuracy,macro avg,weighted avg
precision,0.09090909090909091,0.013245033112582781,0.05,0.25329885877318115,0.2673611111111111,0.125,0.20833333333333334,0.25131710715374234,0.1440210610341856,0.17840978045469383
recall,0.0012515644555694619,0.005917159763313609,0.00030165912518853697,0.979486295466299,0.020088703365510045,0.00040016006402561027,0.0012547051442910915,0.25131710715374234,0.1441000353405996,0.25131710715374234
f1-score,0.0024691358024691358,0.008179959100204498,0.0005997001499250375,0.40250770375092976,0.03736957049259888,0.0007977662544874352,0.0024943876278373652,0.25131710715374234,0.06491688902549315,0.10897212069150228
support,3196.0,338.0,3315.0,5801.0,3833.0,2499.0,3985.0,0.25131710715374234,22967.0,22967.0
