,0,1,2,3,4,5,6,accuracy,macro avg,weighted avg
precision,0.2222222222222222,0.015151515151515152,0.08333333333333333,0.25347330801876256,0.21839080459770116,0.0,0.23076923076923078,0.251926677406714,0.1461914877275379,0.183685262890175
recall,0.0018773466833541927,0.0029585798816568047,0.00030165912518853697,0.9781072228926048,0.02478476389251239,0.0,0.002258469259723965,0.251926677406714,0.14432686310500584,0.251926677406714
f1-score,0.003723239218119764,0.0049504950495049506,0.0006011421701232341,0.40261122543106503,0.04451733833177132,0.0,0.0044731610337972166,0.251926677406714,0.06583951446205451,0.11057490092013636
support,3196.0,338.0,3315.0,5801.0,3833.0,2499.0,3985.0,0.251926677406714,22967.0,22967.0
