,0,1,2,3,4,5,6,accuracy,macro avg,weighted avg
precision,0.0,0.0,0.0,0.203125,0.0,0.0,0.0,0.203125,0.029017857142857144,0.041259765625
recall,0.0,0.0,0.0,1.0,0.0,0.0,0.0,0.203125,0.14285714285714285,0.203125
f1-score,0.0,0.0,0.0,0.33766233766233766,0.0,0.0,0.0,0.203125,0.04823747680890538,0.06858766233766234
support,18.0,2.0,19.0,26.0,26.0,18.0,19.0,0.203125,128.0,128.0
